{"0.020_0.02": 300.1885619163513, "0.040_0.02": 114.32288336753845, "0.050_0.02": 83.25687217712402, "0.060_0.02": 164.85461235046387}