{"0.020_0.05": 262.9045476913452, "0.040_0.05": 288.0477249622345, "0.050_0.05": 105.37349367141724, "0.060_0.05": 478.22718119621277}